heuristic,points,jaccard_index,time,exceptions
CuttingSmallerAngle,10,0.39700155763239875,2814200,false
CuttingSmallerAngle,15,0.11372388277044883,91535,false
CuttingSmallerAngle,20,0.16587506546511838,89835,false
CuttingSmallerAngle,25,0.03149886234357224,81137,false
CuttingSmallerAngle,30,0.01391972897778636,99098,false
CuttingSmallerAngle,35,0.03529757909544782,38884,false
CuttingSmallerAngle,40,0.02708575077682681,171028,false
CuttingSmallerAngle,45,0.13007397769826773,80489,false
CuttingSmallerAngle,50,0.01609320525456391,268136,false
CuttingSmallerAngle,55,0.03216274666687791,185372,false
CuttingSmallerAngle,60,0.009024818250188017,110175,false
CuttingSmallerAngle,65,0.021140114366981717,67095,false
CuttingSmallerAngle,70,0.08351144588080954,87763,false
CuttingSmallerAngle,75,0.021188692378507436,81933,false
CuttingSmallerAngle,80,0.040189606741573035,68830,false
CuttingSmallerAngle,85,0.007338924115361014,93228,false
CuttingSmallerAngle,90,0.021447800272891546,86221,false
CuttingSmallerAngle,95,0.04020504913199024,145294,false
CuttingSmallerAngle,100,0.015575690421756876,152541,false
CuttingSmallerAngle,105,0.026291555068154178,73546,false
CuttingSmallerAngle,110,0.0822605280384028,94698,false
CuttingSmallerAngle,115,0.06558324406607656,95640,false
CuttingSmallerAngle,120,0.08121120594103302,138350,false
CuttingSmallerAngle,125,0.049260975556190016,317927,false
CuttingSmallerAngle,130,0.06061405645314064,66470,false
CuttingSmallerAngle,135,0.021563908091013405,112958,false
CuttingSmallerAngle,140,0.022658662448102683,159769,false
CuttingSmallerAngle,145,0.06140541126714743,65569,false
CuttingSmallerAngle,150,0.027240298346124743,60731,false
CuttingSmallerAngle,155,0.02936433845370449,69023,false
CuttingSmallerAngle,160,0.015562619888431741,178137,false
CuttingSmallerAngle,165,0.01203073605856057,103178,false
CuttingSmallerAngle,170,0.0166120873360067,93914,false
CuttingSmallerAngle,175,0.012193217692386028,202568,false
CuttingSmallerAngle,180,0.03092104369558426,88691,false
CuttingSmallerAngle,185,0.010387306999573784,70464,false
CuttingSmallerAngle,190,0.021839585940935692,490094,false
CuttingSmallerAngle,195,0.007333943373883088,224804,false
CuttingSmallerAngle,200,0.03147774951270277,83727,false
CuttingSmallerAngle,10,0.408629545083972,41628,false
CuttingSmallerAngle,15,0.18644031250673815,117260,false
CuttingSmallerAngle,20,0.05296840180561111,100366,false
CuttingSmallerAngle,25,0.469284572865638,58450,false
CuttingSmallerAngle,30,0.09439620601876068,74920,false
CuttingSmallerAngle,35,0.01567585159470601,67150,false
CuttingSmallerAngle,40,0.05161950129856149,73209,false
CuttingSmallerAngle,45,0.12164628653344509,96758,false
CuttingSmallerAngle,50,0.18054787319595314,97887,false
CuttingSmallerAngle,55,0.1474459769082169,82332,false
CuttingSmallerAngle,60,0.02085598224670318,72804,false
CuttingSmallerAngle,65,0.0945890913039937,119753,false
CuttingSmallerAngle,70,0.03287384220408193,143739,false
CuttingSmallerAngle,75,0.050589925881107244,144202,false
CuttingSmallerAngle,80,0.020788617944539758,78258,false
CuttingSmallerAngle,85,0.0278559733432913,68067,false
CuttingSmallerAngle,90,0.1608083161844813,81567,false
CuttingSmallerAngle,95,0.03648774433757369,128456,false
CuttingSmallerAngle,100,0.015340041723780075,61116,false
CuttingSmallerAngle,105,0.040160408524525675,186231,false
CuttingSmallerAngle,110,0.10597263432023395,52988,false
CuttingSmallerAngle,115,0.033653729501519944,93530,false
CuttingSmallerAngle,120,0.21879308075454967,59337,false
CuttingSmallerAngle,125,0.00883241152319229,67344,false
CuttingSmallerAngle,130,0.005298707348317224,130389,false
CuttingSmallerAngle,135,0.024881166676042076,101526,false
CuttingSmallerAngle,140,0.09649449214718499,68298,false
CuttingSmallerAngle,145,0.05948741646523532,41573,false
CuttingSmallerAngle,150,0.014858349918451513,104009,false
CuttingSmallerAngle,155,0.018901966936905903,124083,false
CuttingSmallerAngle,160,0.02018092776492994,69061,false
CuttingSmallerAngle,165,0.09813459796668125,72115,false
CuttingSmallerAngle,170,0.0017294283639950137,45738,false
CuttingSmallerAngle,175,0.01545341447832958,43147,false
CuttingSmallerAngle,180,0.03335458123163904,131725,false
CuttingSmallerAngle,185,0.03412049861495845,37830,false
CuttingSmallerAngle,190,0.04052084379187021,70987,false
CuttingSmallerAngle,195,0.009207073976897127,73611,false
CuttingSmallerAngle,200,8.105964522429414E-4,80014,false
CuttingSmallerAngle,10,0.010619240514500588,20928,false
CuttingSmallerAngle,15,0.2052735631088774,22469,false
CuttingSmallerAngle,20,0.12512481970487074,22209,false
CuttingSmallerAngle,25,0.01835984415736591,27527,false
CuttingSmallerAngle,30,0.09124360338450625,26421,false
CuttingSmallerAngle,35,0.024246384537341154,31146,false
CuttingSmallerAngle,40,0.0038098715842005966,42562,false
CuttingSmallerAngle,45,0.06605219552609776,24485,false
CuttingSmallerAngle,50,0.009647842083747008,28591,false
CuttingSmallerAngle,55,0.03442389927381512,23157,false
CuttingSmallerAngle,60,0.02870696233528092,23108,false
CuttingSmallerAngle,65,0.002924669986562327,39011,false
CuttingSmallerAngle,70,0.0013627846232468343,60242,false
CuttingSmallerAngle,75,0.004730368968779565,37927,false
CuttingSmallerAngle,80,0.016408992286808057,41880,false
CuttingSmallerAngle,85,0.018661760498993152,28434,false
CuttingSmallerAngle,90,0.07822738181615226,35906,false
CuttingSmallerAngle,95,0.00598839293716949,38883,false
CuttingSmallerAngle,100,0.013459948099352668,95658,false
CuttingSmallerAngle,105,0.009118989756751232,53212,false
CuttingSmallerAngle,110,0.015861555843368513,46665,false
CuttingSmallerAngle,115,0.10712717446377301,70486,false
CuttingSmallerAngle,120,0.009946888192836715,35486,false
CuttingSmallerAngle,125,0.07232262545019946,54402,false
CuttingSmallerAngle,130,0.0051594410605517735,52063,false
CuttingSmallerAngle,135,0.00582156653063006,59446,false
CuttingSmallerAngle,140,0.001656442048808387,55815,false
CuttingSmallerAngle,145,6.521470254224901E-4,39485,false
CuttingSmallerAngle,150,2.858053665453826E-4,56567,false
CuttingSmallerAngle,155,0.0023546257258770186,34388,false
CuttingSmallerAngle,160,0.0043162727715126,28431,false
CuttingSmallerAngle,165,0.0017388392977681297,28065,false
CuttingSmallerAngle,170,0.03271679524119342,39084,false
CuttingSmallerAngle,175,0.007483717927860318,43334,false
CuttingSmallerAngle,180,0.02171663270916206,65728,false
CuttingSmallerAngle,185,0.0013877619540583644,61709,false
CuttingSmallerAngle,190,0.014894936048029234,135849,false
CuttingSmallerAngle,195,7.272727272727272E-4,59001,false
CuttingSmallerAngle,200,0.002167720856197378,220717,false
CuttingSmallerAngle2,10,0.4368059289677515,192979,false
CuttingSmallerAngle2,15,0.052308205026747726,78769,false
CuttingSmallerAngle2,20,0.07799663969137344,106509,false
CuttingSmallerAngle2,25,0.0038646316850954442,110227,false
CuttingSmallerAngle2,30,0.0011904717450992744,122358,false
CuttingSmallerAngle2,35,0.0135780311720638,70204,false
CuttingSmallerAngle2,40,0.0,416297,false
CuttingSmallerAngle2,45,1.5500137695654823E-7,131407,false
CuttingSmallerAngle2,50,1.9132897134600934E-7,226444,false
CuttingSmallerAngle2,55,0.0,225532,false
CuttingSmallerAngle2,60,0.0193965020446003,142197,false
CuttingSmallerAngle2,65,null,null,true
CuttingLargerAngle,10,0.6649467808930426,121945,false
CuttingLargerAngle,15,0.7477968222464323,56475,false
CuttingLargerAngle,20,0.6875643364094415,59997,false
CuttingLargerAngle,25,0.8426034556313993,119177,false
CuttingLargerAngle,30,0.6818999640158331,189165,false
CuttingLargerAngle,35,0.9143902685705354,36162,false
CuttingLargerAngle,40,0.887615161167226,47615,false
CuttingLargerAngle,45,0.8370989399587994,86135,false
CuttingLargerAngle,50,0.7477162064755292,135655,false
CuttingLargerAngle,55,0.6895502760767787,61677,false
CuttingLargerAngle,60,0.8291003384306844,65858,false
CuttingLargerAngle,65,0.8163906254629493,70422,false
CuttingLargerAngle,70,0.7971359502365826,68928,false
CuttingLargerAngle,75,0.837742966416933,210211,false
CuttingLargerAngle,80,0.7138623595505618,75960,false
CuttingLargerAngle,85,0.8700184086725302,104783,false
CuttingLargerAngle,90,0.8198842054799572,85256,false
CuttingLargerAngle,95,0.8060081018753339,76051,false
CuttingLargerAngle,100,0.8495518745529265,65754,false
CuttingLargerAngle,105,0.8896949757822441,339638,false
CuttingLargerAngle,110,0.7932504182122336,153836,false
CuttingLargerAngle,115,0.8792143541748887,84031,false
CuttingLargerAngle,120,0.8591290733761915,80973,false
CuttingLargerAngle,125,0.7316158976273618,63288,false
CuttingLargerAngle,130,0.8882777191415658,47094,false
CuttingLargerAngle,135,0.8555386079314881,48040,false
CuttingLargerAngle,140,0.815912183866756,121747,false
CuttingLargerAngle,145,0.9505571219432847,107068,false
CuttingLargerAngle,150,0.8628526645768025,162695,false
CuttingLargerAngle,155,0.83722311805143,72702,false
CuttingLargerAngle,160,0.8683480983915463,65387,false
CuttingLargerAngle,165,0.8708412588324967,88257,false
CuttingLargerAngle,170,0.8418924163098018,222145,false
CuttingLargerAngle,175,0.8952510268508775,102615,false
CuttingLargerAngle,180,0.9259063064531464,85986,false
CuttingLargerAngle,185,0.7523407531656882,61618,false
CuttingLargerAngle,190,0.8883055377017016,86882,false
CuttingLargerAngle,195,0.9083862633222091,64075,false
CuttingLargerAngle,200,0.8330106709835144,127184,false
CuttingLargerAngle,10,0.7143526822109897,29159,false
CuttingLargerAngle,15,0.9298297312643298,30531,false
CuttingLargerAngle,20,0.8316927344411488,34514,false
CuttingLargerAngle,25,0.7505130153075036,40901,false
CuttingLargerAngle,30,0.8176849042786902,36046,false
CuttingLargerAngle,35,0.8422877341433427,42365,false
CuttingLargerAngle,40,0.8047089114062591,63766,false
CuttingLargerAngle,45,0.850787657551094,71617,false
CuttingLargerAngle,50,0.8843801610745627,61823,false
CuttingLargerAngle,55,0.8808571813648411,29949,false
CuttingLargerAngle,60,0.907685617551743,61639,false
CuttingLargerAngle,65,0.781826079874026,52154,false
CuttingLargerAngle,70,0.850061048259479,132500,false
CuttingLargerAngle,75,0.7848510058992588,67762,false
CuttingLargerAngle,80,0.8627635366492711,85982,false
CuttingLargerAngle,85,0.8766696349065004,39603,false
CuttingLargerAngle,90,0.733684632611064,51100,false
CuttingLargerAngle,95,0.7980065156686317,131383,false
CuttingLargerAngle,100,0.8751084712024454,46407,false
CuttingLargerAngle,105,0.8536691082466153,49757,false
CuttingLargerAngle,110,0.9059455959470901,36042,false
CuttingLargerAngle,115,0.8869762943808774,54060,false
CuttingLargerAngle,120,0.916017208055365,37337,false
CuttingLargerAngle,125,0.8431950052594076,67068,false
CuttingLargerAngle,130,0.8136499941772447,109384,false
CuttingLargerAngle,135,0.8536275805816504,69377,false
CuttingLargerAngle,140,0.886378156747383,39923,false
CuttingLargerAngle,145,0.8869650220389592,47883,false
CuttingLargerAngle,150,0.8482228177696668,65444,false
CuttingLargerAngle,155,0.9020180970473777,55587,false
CuttingLargerAngle,160,0.8570262549313019,38850,false
CuttingLargerAngle,165,0.8582375868841782,60738,false
CuttingLargerAngle,170,0.8907138258380022,52969,false
CuttingLargerAngle,175,0.9693419858108335,35224,false
CuttingLargerAngle,180,0.8679708719028879,81228,false
CuttingLargerAngle,185,0.8814369806094183,36923,false
CuttingLargerAngle,190,0.8904406953354637,84074,false
CuttingLargerAngle,195,0.9134017105666679,101415,false
CuttingLargerAngle,200,0.8560667204735002,228976,false
CuttingLargerAngle,10,0.6139147555799429,20037,false
CuttingLargerAngle,15,0.6300486704936125,19224,false
CuttingLargerAngle,20,0.7726478420059913,19527,false
CuttingLargerAngle,25,0.7031227114274834,26863,false
CuttingLargerAngle,30,0.8063092161929372,37718,false
CuttingLargerAngle,35,0.9053760482405608,27347,false
CuttingLargerAngle,40,0.7213620595216359,34671,false
CuttingLargerAngle,45,0.6518019884009942,31239,false
CuttingLargerAngle,50,0.8797991006248905,37887,false
CuttingLargerAngle,55,0.7131599450454683,29664,false
CuttingLargerAngle,60,0.8725185362353504,31788,false
CuttingLargerAngle,65,0.8656232708876769,37417,false
CuttingLargerAngle,70,0.8820282777809324,38827,false
CuttingLargerAngle,75,0.775335299682787,90580,false
CuttingLargerAngle,80,0.8437709443264305,35145,false
CuttingLargerAngle,85,0.7550973474161287,58639,false
CuttingLargerAngle,90,0.8255176647876319,81444,false
CuttingLargerAngle,95,0.734477234023483,41607,false
CuttingLargerAngle,100,0.7725496905922947,37768,false
CuttingLargerAngle,105,0.8699720638669968,174322,false
CuttingLargerAngle,110,0.919016781944942,50081,false
CuttingLargerAngle,115,0.839458424815628,33860,false
CuttingLargerAngle,120,0.9156039765763312,57636,false
CuttingLargerAngle,125,0.9214486059294432,24688,false
CuttingLargerAngle,130,0.8364523330485352,36748,false
CuttingLargerAngle,135,0.9215534361973767,46093,false
CuttingLargerAngle,140,0.8330446699795507,49183,false
CuttingLargerAngle,145,0.8005048517489909,47798,false
CuttingLargerAngle,150,0.9268118411361863,35644,false
CuttingLargerAngle,155,0.8459682337655451,37747,false
CuttingLargerAngle,160,0.7921048177221082,34446,false
CuttingLargerAngle,165,0.8862086283149999,35394,false
CuttingLargerAngle,170,0.8606638491440818,54708,false
CuttingLargerAngle,175,0.8530283866972453,39445,false
CuttingLargerAngle,180,0.8759473065769757,27004,false
CuttingLargerAngle,185,0.8373128899583112,61479,false
CuttingLargerAngle,190,0.8717262681632298,46855,false
CuttingLargerAngle,195,0.850359595959596,98446,false
CuttingLargerAngle,200,0.8921375612616764,61262,false
CuttingLargerAngle2,10,0.6712797713288282,70397,false
CuttingLargerAngle2,15,0.7563461492830166,64094,false
CuttingLargerAngle2,20,0.7378729459096046,129762,false
CuttingLargerAngle2,25,0.8520152023752633,66397,false
CuttingLargerAngle2,30,0.7238147924584867,77411,false
CuttingLargerAngle2,35,0.9100132782684195,45307,false
CuttingLargerAngle2,40,0.8657010313294914,69771,false
CuttingLargerAngle2,45,0.8334252287408854,183060,false
CuttingLargerAngle2,50,0.7873047197651942,344076,false
CuttingLargerAngle2,55,0.7154848329137798,104062,false
CuttingLargerAngle2,60,0.6951991691009564,158908,false
CuttingLargerAngle2,65,0.7476269873820139,93660,false
CuttingLargerAngle2,70,0.8290886176245841,94644,false
CuttingLargerAngle2,75,0.8243225731097514,111420,false
CuttingLargerAngle2,80,0.7794618919740062,119331,false
CuttingLargerAngle2,85,0.7521538461538462,117868,false
CuttingLargerAngle2,90,0.7712216585498434,126773,false
CuttingLargerAngle2,95,0.7791392873719256,158606,false
CuttingLargerAngle2,100,0.8551657655276406,109387,false
CuttingLargerAngle2,105,0.8693861757553395,71070,false
CuttingLargerAngle2,110,0.7756451034024378,79907,false
CuttingLargerAngle2,115,0.8490393467164622,103550,false
CuttingLargerAngle2,120,0.8659902050292455,101170,false
CuttingLargerAngle2,125,0.6962644740563778,106856,false
CuttingLargerAngle2,130,0.8861140741367218,85052,false
CuttingLargerAngle2,135,0.8591852047270707,172753,false
CuttingLargerAngle2,140,0.7730561860949875,229742,false
CuttingLargerAngle2,145,0.9413317592119093,70356,false
CuttingLargerAngle2,150,0.8304356923220784,86597,false
CuttingLargerAngle2,155,0.7898324418488991,131691,false
CuttingLargerAngle2,160,0.8159820572648799,155713,false
CuttingLargerAngle2,165,0.8552208127789523,197451,false
CuttingLargerAngle2,170,0.7948095250385728,161652,false
CuttingLargerAngle2,175,0.9017643644649967,126966,false
CuttingLargerAngle2,180,0.919590844160056,166547,false
CuttingLargerAngle2,185,0.7481846076869851,135236,false
CuttingLargerAngle2,190,0.8566843112435214,81361,false
CuttingLargerAngle2,195,0.9020623623723898,100179,false
CuttingLargerAngle2,200,0.761752566941816,112134,false
CuttingLargerAngle2,10,0.7754809842768208,40478,false
CuttingLargerAngle2,15,0.9322294597333943,61173,false
CuttingLargerAngle2,20,0.8179050399124673,52430,false
CuttingLargerAngle2,25,0.7978461364928641,57797,false
CuttingLargerAngle2,30,0.8393108191609651,284291,false
CuttingLargerAngle2,35,0.8577673077783152,121118,false
CuttingLargerAngle2,40,0.7876002287623576,201891,false
CuttingLargerAngle2,45,0.8454772378082371,122645,false
CuttingLargerAngle2,50,0.8926233564361601,44048,false
CuttingLargerAngle2,55,0.8889897318646426,161552,false
CuttingLargerAngle2,60,0.8704417569787387,60641,false
CuttingLargerAngle2,65,0.7788095478102501,82892,false
CuttingLargerAngle2,70,0.8397408199943367,81386,false
CuttingLargerAngle2,75,0.7641755977280804,86919,false
CuttingLargerAngle2,80,0.8499159424451331,94608,false
CuttingLargerAngle2,85,0.8611434336189872,148545,false
CuttingLargerAngle2,90,0.7372221947486145,67704,false
CuttingLargerAngle2,95,0.7435987656486812,103401,false
CuttingLargerAngle2,100,0.8755156442780735,132971,false
CuttingLargerAngle2,105,0.8557080340061359,86815,false
CuttingLargerAngle2,110,0.9004260654287087,53268,false
CuttingLargerAngle2,115,0.845650351454182,174514,false
CuttingLargerAngle2,120,0.9105924130788101,57937,false
CuttingLargerAngle2,125,0.8086025988240404,99661,false
CuttingLargerAngle2,130,0.8246632906775789,109630,false
CuttingLargerAngle2,135,0.8296352791456023,149184,false
CuttingLargerAngle2,140,0.8562050711061859,66704,false
CuttingLargerAngle2,145,0.8826705184555593,70001,false
CuttingLargerAngle2,150,0.8372749043974382,100423,false
CuttingLargerAngle2,155,0.8821034532029098,79057,false
CuttingLargerAngle2,160,0.842321049036182,51850,false
CuttingLargerAngle2,165,0.8304021055755211,88766,false
CuttingLargerAngle2,170,0.8516568737622142,73910,false
CuttingLargerAngle2,175,0.9595280572730792,41265,false
CuttingLargerAngle2,180,0.8065269628387818,97424,false
CuttingLargerAngle2,185,0.8710384488063606,61516,false
CuttingLargerAngle2,190,0.8695171083251281,96304,false
CuttingLargerAngle2,195,0.8960278994901395,88462,false
CuttingLargerAngle2,200,0.8131528433340992,187174,false
CuttingLargerAngle2,10,0.625232276539987,28418,false
CuttingLargerAngle2,15,0.6345174826850767,36122,false
CuttingLargerAngle2,20,0.7670042481529,33478,false
CuttingLargerAngle2,25,0.6965946022996385,52871,false
CuttingLargerAngle2,30,0.7905119053774495,75733,false
CuttingLargerAngle2,35,0.9082669274930207,71143,false
CuttingLargerAngle2,40,0.6493758483408559,58103,false
CuttingLargerAngle2,45,0.6387116404799598,44964,false
CuttingLargerAngle2,50,0.8705152549239724,52831,false
CuttingLargerAngle2,55,0.7049960449185482,44799,false
CuttingLargerAngle2,60,0.8685235568184818,40145,false
CuttingLargerAngle2,65,0.8448076348370306,94419,false
CuttingLargerAngle2,70,0.8590135437902771,71466,false
CuttingLargerAngle2,75,0.7578600686755979,61948,false
CuttingLargerAngle2,80,0.8209817662760025,62912,false
CuttingLargerAngle2,85,0.7469131071453009,51031,false
CuttingLargerAngle2,90,0.7660407426815231,68513,false
CuttingLargerAngle2,95,0.6726825838243377,89796,false
CuttingLargerAngle2,100,0.7219339352496721,56225,false
CuttingLargerAngle2,105,0.8346928038444988,61656,false
CuttingLargerAngle2,110,0.8988998551288366,48463,false
CuttingLargerAngle2,115,0.7970045586704476,57330,false
CuttingLargerAngle2,120,0.8935357487965856,73734,false
CuttingLargerAngle2,125,0.9071625438683887,50217,false
CuttingLargerAngle2,130,0.7848774325294845,57931,false
CuttingLargerAngle2,135,0.9060210245308505,82775,false
CuttingLargerAngle2,140,0.7009245441476958,1937977,false
CuttingLargerAngle2,145,0.7192873202529803,80609,false
CuttingLargerAngle2,150,0.8869421938830228,54748,false
CuttingLargerAngle2,155,0.8139631642405792,61517,false
CuttingLargerAngle2,160,0.6646911685090318,778478,false
CuttingLargerAngle2,165,0.8027370419659539,57054,false
CuttingLargerAngle2,170,0.7528514449653628,91047,false
CuttingLargerAngle2,175,0.8098856215495573,131177,false
CuttingLargerAngle2,180,0.825314748545263,77523,false
CuttingLargerAngle2,185,0.8107991615473263,72000,false
CuttingLargerAngle2,190,0.7489675059668788,76111,false
CuttingLargerAngle2,195,0.7270196564146651,61765,false
CuttingLargerAngle2,200,0.8606138944279312,171101,false
DistanceFromG,10,0.641376773970232,4164569,false
DistanceFromG,15,0.38698264424477113,529973,false
DistanceFromG,20,0.4333249056399328,1659074,false
DistanceFromG,25,0.14834862059158135,861747,false
DistanceFromG,30,0.39941547670244604,543881,false
DistanceFromG,35,0.512729746876178,330224,false
DistanceFromG,40,0.006876572149493407,345261,false
DistanceFromG,45,0.4260264718392674,278712,false
DistanceFromG,50,0.19894379146501126,155334,false
DistanceFromG,55,0.06038040765885307,396944,false
DistanceFromG,60,0.0580737653547255,339175,false
DistanceFromG,65,0.03377677698438565,242319,false
DistanceFromG,70,0.4643652068807948,272851,false
DistanceFromG,75,0.06978571802797716,665805,false
DistanceFromG,80,0.4919030898876405,307426,false
DistanceFromG,85,0.17178155041930865,405235,false
DistanceFromG,90,0.021986207913854777,398819,false
DistanceFromG,95,0.044364192145644396,353896,false
DistanceFromG,100,0.003899182293785152,853062,false
DistanceFromG,105,0.09183766722202305,352598,false
DistanceFromG,110,0.0535893519528693,361885,false
DistanceFromG,115,0.44123865366183684,475101,false
DistanceFromG,120,0.33917784305032145,477614,false
DistanceFromG,125,0.05226978235565414,471606,false
DistanceFromG,130,0.8882777191415658,486901,false
DistanceFromG,135,0.4787579412834793,429803,false
DistanceFromG,140,0.015246240250903239,724805,false
DistanceFromG,145,0.010613783007102966,1148151,false
DistanceFromG,150,0.027240298346124743,528369,false
DistanceFromG,155,0.12264844832951427,492844,false
DistanceFromG,160,0.03014240881701043,801429,false
DistanceFromG,165,0.03218496570004189,792355,false
DistanceFromG,170,0.40014705782231874,682866,false
DistanceFromG,175,0.052479717573576834,550793,false
DistanceFromG,180,0.007653858169322087,438287,false
DistanceFromG,185,0.41362242723385534,665181,false
DistanceFromG,190,0.05187239944521498,495645,false
DistanceFromG,195,0.36551297233286684,579448,false
DistanceFromG,200,0.009514684991245168,560481,false
DistanceFromG,10,0.7143526822109897,113534,false
DistanceFromG,15,0.6670452013541001,75060,false
DistanceFromG,20,0.2797450535294087,116754,false
DistanceFromG,25,0.4907395279385953,118399,false
DistanceFromG,30,0.573220699515291,280951,false
DistanceFromG,35,0.17019689737470167,176423,false
DistanceFromG,40,0.34764218014793286,120538,false
DistanceFromG,45,0.5130231793007826,203599,false
DistanceFromG,50,0.8843801610745627,364873,false
DistanceFromG,55,0.5264499752908935,370116,false
DistanceFromG,60,0.4486883475007679,191362,false
DistanceFromG,65,0.09858395615732786,238389,false
DistanceFromG,70,0.5994754645016359,299115,false
DistanceFromG,75,0.5105052185751021,234808,false
DistanceFromG,80,0.02305698923959313,251281,false
DistanceFromG,85,0.1163753482894321,215348,false
DistanceFromG,90,0.5257194952184966,186082,false
DistanceFromG,95,0.07489140552280484,218679,false
DistanceFromG,100,0.08859750719894592,232253,false
DistanceFromG,105,0.08155921165256474,272230,false
DistanceFromG,110,0.056645391736219325,364738,false
DistanceFromG,115,8.526951753397783E-4,223248,false
DistanceFromG,120,0.49248706278446286,269747,false
DistanceFromG,125,0.075457229140511,297891,false
DistanceFromG,130,0.3285926400372656,340870,false
DistanceFromG,135,0.40483841480564775,344732,false
DistanceFromG,140,0.01679386097322952,356332,false
DistanceFromG,145,0.09506967154841461,448983,false
DistanceFromG,150,0.07659091398969686,719271,false
DistanceFromG,155,0.029775202338359532,402971,false
DistanceFromG,160,0.4717997551353557,314424,false
DistanceFromG,165,0.006893065887804498,327322,false
DistanceFromG,170,0.005650607525924303,343162,false
DistanceFromG,175,0.049305672304226486,255936,false
DistanceFromG,180,0.048105703674962585,290911,false
DistanceFromG,185,0.022808171745152355,251197,false
DistanceFromG,190,0.531611035905816,264223,false
DistanceFromG,195,0.04536068422666712,252613,false
DistanceFromG,200,0.08640538906882733,220733,false
DistanceFromG,10,0.6139147555799429,27574,false
DistanceFromG,15,0.20622632970488056,35305,false
DistanceFromG,20,0.0088899367580162,36571,false
DistanceFromG,25,0.010099012801359228,37126,false
DistanceFromG,30,0.8063092161929372,41063,false
DistanceFromG,35,0.009062301171048785,174181,false
DistanceFromG,40,9.007364128780963E-4,61363,false
DistanceFromG,45,0.01352526926263463,73552,false
DistanceFromG,50,0.8797991006248905,64513,false
DistanceFromG,55,0.004430857802175581,162158,false
DistanceFromG,60,0.037812781175613035,110003,false
DistanceFromG,65,0.004183746061858464,1212941,false
DistanceFromG,70,0.0013627846232468343,293154,false
DistanceFromG,75,0.0018754521676220158,266982,false
DistanceFromG,80,0.003214776612784133,92425,false
DistanceFromG,85,0.0037020624975459813,101174,false
DistanceFromG,90,0.03778534352849249,203212,false
DistanceFromG,95,4.3694541543425655E-4,269164,false
DistanceFromG,100,3.7071890951606925E-4,161938,false
DistanceFromG,105,1.9873265347838923E-4,174185,false
DistanceFromG,110,0.0012290225688225082,107490,false
DistanceFromG,115,0.0023419467432303103,101688,false
DistanceFromG,120,4.7936810567887785E-4,115272,false
DistanceFromG,125,1.9919139062508413E-4,198521,false
DistanceFromG,130,0.013874266185265827,160694,false
DistanceFromG,135,0.02421924445123415,127380,false
DistanceFromG,140,0.0014244322504410884,185178,false
DistanceFromG,145,5.846835400339566E-4,155958,false
DistanceFromG,150,0.0038583724483626652,149167,false
DistanceFromG,155,0.019669609948824014,140418,false
DistanceFromG,160,0.002729407781985909,144860,false
DistanceFromG,165,0.0025434574821390963,154469,false
DistanceFromG,170,0.025877104257447936,283091,false
DistanceFromG,175,0.004156454837914005,253859,false
DistanceFromG,180,0.0027812813298405616,1129332,false
DistanceFromG,185,2.685990878822641E-4,173044,false
DistanceFromG,190,7.015139650221874E-4,277270,false
DistanceFromG,195,0.009212121212121211,174535,false
DistanceFromG,200,0.019844594311565367,216668,false
CuttingEdges,10,0.8174821585891382,1980505,false
CuttingEdges,15,0.8950271828082224,135760,false
CuttingEdges,20,0.8799903540410012,284495,false
CuttingEdges,25,0.9364512541938856,278539,false
CuttingEdges,30,0.860915670202283,221128,false
CuttingEdges,35,0.9570485360473331,382160,false
CuttingEdges,40,0.9523046564967065,1878385,false
CuttingEdges,45,0.90327459051698,190273,false
CuttingEdges,50,0.9355012459425002,278704,false
CuttingEdges,55,0.8803710730270656,179143,false
CuttingEdges,60,0.9533892065840863,273028,false
CuttingEdges,65,0.9281380144126302,513715,false
CuttingEdges,70,0.9082462900875689,196416,false
CuttingEdges,75,0.9315215154797293,234384,false
CuttingEdges,80,0.9292057422214507,1155812,false
CuttingEdges,85,0.9365468459959326,289583,false
CuttingEdges,90,0.9394618671990876,294499,false
CuttingEdges,95,0.9596400175752721,434175,false
CuttingEdges,100,0.9678901501973314,316936,false
CuttingEdges,105,0.9553301619300165,113579,false
CuttingEdges,110,0.9447466546751129,162425,false
CuttingEdges,115,0.9535969168276112,703966,false
CuttingEdges,120,0.9510518882711291,184970,false
CuttingEdges,125,0.9265838446548372,226990,false
CuttingEdges,130,0.9807171014723003,203894,false
CuttingEdges,135,0.0,213285,false
CuttingEdges,140,0.9622663919639252,211128,false
CuttingEdges,145,0.9816230994805294,137848,false
CuttingEdges,150,0.9543355204360813,187713,false
CuttingEdges,155,0.9490261267818098,500020,false
CuttingEdges,160,0.9597451670055908,239439,false
CuttingEdges,165,0.9500977322880374,258024,false
CuttingEdges,170,0.9618625806003199,2348422,false
CuttingEdges,175,0.9552720391802908,1933836,false
CuttingEdges,180,0.9615979375466229,423435,false
CuttingEdges,185,0.93542507054794,232374,false
CuttingEdges,190,0.974597810317925,204842,false
CuttingEdges,195,0.36901681204537323,181203,false
CuttingEdges,200,0.968102295898624,193168,false
CuttingEdges,10,0.8858920321241628,63305,false
CuttingEdges,15,0.9786551999647725,169370,false
CuttingEdges,20,0.9261036800349479,208191,false
CuttingEdges,25,0.9126095775308937,76857,false
CuttingEdges,30,0.9384680004132249,133552,false
CuttingEdges,35,0.915259964780763,114291,false
CuttingEdges,40,0.9310462992481937,239653,false
CuttingEdges,45,0.9365398672063372,239237,false
CuttingEdges,50,0.906488087984292,73782,false
CuttingEdges,55,0.95842445915504,120053,false
CuttingEdges,60,0.9644118504781936,122424,false
CuttingEdges,65,0.8941714801025655,2415948,false
CuttingEdges,70,0.9357387542229957,165242,false
CuttingEdges,75,0.897263737786833,160862,false
CuttingEdges,80,0.9167542708564094,168378,false
CuttingEdges,85,0.9576064773310545,86771,false
CuttingEdges,90,0.884059243935826,81769,false
CuttingEdges,95,0.5640694505555796,230426,false
CuttingEdges,100,0.9292300154852708,222082,false
CuttingEdges,105,0.9518997166641342,142199,false
CuttingEdges,110,0.9602263762773862,120618,false
CuttingEdges,115,0.9430900823339736,1016829,false
CuttingEdges,120,0.9515212019320736,62148,false
CuttingEdges,125,0.9567912896776101,204006,false
CuttingEdges,130,0.912486626065608,156537,false
CuttingEdges,135,0.935489839775777,688986,false
CuttingEdges,140,0.9561057115347753,124442,false
CuttingEdges,145,0.9443578974645404,71091,false
CuttingEdges,150,0.9383312278525942,192154,false
CuttingEdges,155,0.9659567240556439,158799,false
CuttingEdges,160,0.9669422204099961,114203,false
CuttingEdges,165,0.9642978363879938,229150,false
CuttingEdges,170,0.9657573247621803,96044,false
CuttingEdges,175,0.9834962244234954,63063,false
CuttingEdges,180,0.936507637531021,402972,false
CuttingEdges,185,0.9585043547194179,426154,false
CuttingEdges,190,0.9635085646250092,189237,false
CuttingEdges,195,0.9641337965769924,95660,false
CuttingEdges,200,0.0,169275,false
CuttingEdges,10,0.7149592586213166,24679,false
CuttingEdges,15,0.8283656123143033,58090,false
CuttingEdges,20,0.928518043776144,42536,false
CuttingEdges,25,0.5942352752112248,74176,false
CuttingEdges,30,0.8926528141769853,121349,false
CuttingEdges,35,0.9730989261548215,68658,false
CuttingEdges,40,0.9272056921293963,60018,false
CuttingEdges,45,0.805244688058523,73093,false
CuttingEdges,50,0.9533204638319002,91155,false
CuttingEdges,55,0.9310121390012978,59240,false
CuttingEdges,60,0.9539726767021659,97449,false
CuttingEdges,65,0.9669212891340888,137068,false
CuttingEdges,70,0.9700065298566939,90891,false
CuttingEdges,75,0.9437064511657726,74313,false
CuttingEdges,80,0.9580617250887624,100769,false
CuttingEdges,85,0.9185296364977703,102131,false
CuttingEdges,90,0.9356015479275966,133329,false
CuttingEdges,95,0.9331818724803778,102496,false
CuttingEdges,100,0.9224120572554179,103348,false
CuttingEdges,105,0.9629431967504061,88279,false
CuttingEdges,110,0.9516460626879059,88408,false
CuttingEdges,115,0.9064930967085776,91338,false
CuttingEdges,120,0.9823117249441543,287206,false
CuttingEdges,125,0.9815278514418296,59309,false
CuttingEdges,130,0.9529839280507274,100252,false
CuttingEdges,135,0.9738411947343982,129402,false
CuttingEdges,140,0.9344508875016208,117997,false
CuttingEdges,145,0.9324999490949241,125199,false
CuttingEdges,150,0.9762690211954689,271607,false
CuttingEdges,155,0.942079787383143,140907,false
CuttingEdges,160,0.9649316996351469,210284,false
CuttingEdges,165,0.9598271511384373,169117,false
CuttingEdges,170,0.9511491779467641,180256,false
CuttingEdges,175,0.9736786844129952,190327,false
CuttingEdges,180,0.9747564317315459,163728,false
CuttingEdges,185,0.9608451261455025,180777,false
CuttingEdges,190,0.9644111502495188,85727,false
CuttingEdges,195,null,null,true
LessArea,10,0.7826974062602169,4487244,false
LessArea,15,0.7260929249643643,1757791,false
LessArea,20,0.7095501823920478,4937838,false
LessArea,25,0.1709779210385465,3569894,false
LessArea,30,0.0,5780201,false
LessArea,35,null,null,true
DistanceFromG2,10,0.6649467808930426,1180325,false
DistanceFromG2,15,0.7698987131500318,474940,false
DistanceFromG2,20,0.703673270366424,1169273,false
DistanceFromG2,25,0.6584630972696246,718117,false
DistanceFromG2,30,0.7305663556815489,884218,false
DistanceFromG2,35,0.8650527302985446,1037282,false
DistanceFromG2,40,0.7287764685725856,896501,false
DistanceFromG2,45,0.8370989399587994,973408,false
DistanceFromG2,50,0.7973418261521941,1087756,false
DistanceFromG2,55,0.6506222620075575,1180994,false
DistanceFromG2,60,0.7274692905490098,1024045,false
DistanceFromG2,65,0.6766095819383129,2238255,false
DistanceFromG2,70,0.8143231968868383,1038447,false
DistanceFromG2,75,0.7027296065384817,1903169,false
DistanceFromG2,80,0.8147191011235955,1293394,false
DistanceFromG2,85,0.8670893843321743,1722023,false
DistanceFromG2,90,0.6614669764354464,2066664,false
DistanceFromG2,95,0.7645586912563317,3005246,false
DistanceFromG2,100,0.824705106806738,2181680,false
DistanceFromG2,105,0.6750040421508461,1415517,false
DistanceFromG2,110,0.6487962760928068,2413612,false
DistanceFromG2,115,0.8792143541748887,2391216,false
DistanceFromG2,120,0.8591290733761915,2179160,false
DistanceFromG2,125,0.6764178361481417,1866364,false
DistanceFromG2,130,0.9178912614002327,1972731,false
DistanceFromG2,135,0.8554266603229689,1780186,false
DistanceFromG2,140,0.7601704926186644,1688255,false
DistanceFromG2,145,0.8860678848343545,2748849,false
DistanceFromG2,150,0.7046130148092098,3209657,false
DistanceFromG2,155,0.7418455967636991,2598565,false
DistanceFromG2,160,0.8571912724610765,2484676,false
DistanceFromG2,165,0.7231145323326031,2027482,false
DistanceFromG2,170,0.8598933830788189,3011795,false
DistanceFromG2,175,0.7616959163583286,2438116,false
DistanceFromG2,180,0.7416907759803323,2948183,false
DistanceFromG2,185,0.8330331486395446,2195524,false
DistanceFromG2,190,0.7883089205371943,2688342,false
DistanceFromG2,195,0.9083862633222091,3506781,false
DistanceFromG2,200,0.7482903300406356,3193271,false
DistanceFromG2,10,0.7924037991195174,201582,false
DistanceFromG2,15,0.9199686630777745,447972,false
DistanceFromG2,20,0.8316927344411488,297766,false
DistanceFromG2,25,0.749823173447201,362448,false
DistanceFromG2,30,0.8283162464692959,452234,false
DistanceFromG2,35,0.711357308165184,449422,false
DistanceFromG2,40,0.7710988207536591,682148,false
DistanceFromG2,45,0.8525501930955608,620573,false
DistanceFromG2,50,0.8843801610745627,940532,false
DistanceFromG2,55,0.8808571813648411,671803,false
DistanceFromG2,60,0.9054112352415367,1285248,false
DistanceFromG2,65,0.7082623889291823,1069382,false
DistanceFromG2,70,0.7806467795659856,935162,false
DistanceFromG2,75,0.7848510058992588,961523,false
DistanceFromG2,80,0.7996654870178813,1539641,false
DistanceFromG2,85,0.749479361158188,990610,false
DistanceFromG2,90,0.7671513739256749,1113815,false
DistanceFromG2,95,0.7835091529630779,1659650,false
DistanceFromG2,100,0.6928520576765734,2145556,false
DistanceFromG2,105,0.6772852933356158,1861705,false
DistanceFromG2,110,0.6699255021666275,1185737,false
DistanceFromG2,115,0.8083272962977085,1274234,false
DistanceFromG2,120,0.8830697397316264,1175665,false
DistanceFromG2,125,0.749340029181229,1445167,false
DistanceFromG2,130,0.8040278909980203,1529935,false
DistanceFromG2,135,0.8462057715025032,2168899,false
DistanceFromG2,140,0.7970273742742202,2826676,false
DistanceFromG2,145,0.7743068391866913,2610245,false
DistanceFromG2,150,0.7209245514833202,1397606,false
DistanceFromG2,155,0.7959904091788115,1382735,false
DistanceFromG2,160,0.8570262549313019,1824794,false
DistanceFromG2,165,0.7887234598305907,1926653,false
DistanceFromG2,170,0.7745818550430816,2380319,false
DistanceFromG2,175,0.9693419858108335,2491201,false
DistanceFromG2,180,0.730395349481736,1902342,false
DistanceFromG2,185,0.7213608033240997,1755503,false
DistanceFromG2,190,0.8777034957190684,2071876,false
DistanceFromG2,195,0.8182574028009677,1830673,false
DistanceFromG2,200,0.8071234657191073,2075835,false
DistanceFromG2,10,0.6668495715184869,88767,false
DistanceFromG2,15,0.6300486704936125,232096,false
DistanceFromG2,20,0.32207644513480527,162245,false
DistanceFromG2,25,0.5951313823710344,283733,false
DistanceFromG2,30,0.8063092161929372,303711,false
DistanceFromG2,35,0.9053760482405608,411579,false
DistanceFromG2,40,0.5733674152516585,405568,false
DistanceFromG2,45,0.6518019884009942,835080,false
DistanceFromG2,50,0.8797991006248905,371031,false
DistanceFromG2,55,0.5945973272114143,240919,false
DistanceFromG2,60,0.8725185362353504,296871,false
DistanceFromG2,65,0.6994986280023036,278101,false
DistanceFromG2,70,0.8098461189029583,299949,false
DistanceFromG2,75,0.6985920195892926,328131,false
DistanceFromG2,80,0.69082482307369,339966,false
DistanceFromG2,85,0.7550973474161287,519546,false
DistanceFromG2,90,0.7867835017022939,420559,false
DistanceFromG2,95,0.7535795912879807,446923,false
DistanceFromG2,100,0.7662930960732313,447268,false
DistanceFromG2,105,0.8453008244566081,472115,false
DistanceFromG2,110,0.919016781944942,655157,false
DistanceFromG2,115,0.7166019253504475,908618,false
DistanceFromG2,120,0.8814163148576876,960463,false
DistanceFromG2,125,0.8187304509800755,652597,false
DistanceFromG2,130,0.7609955075379654,736390,false
DistanceFromG2,135,0.9237358416446607,1082086,false
DistanceFromG2,140,0.7823208533644118,746161,false
DistanceFromG2,145,0.7432002428685474,661237,false
DistanceFromG2,150,0.8246089413109672,621256,false
DistanceFromG2,155,0.807413889109856,714751,false
DistanceFromG2,160,0.7921048177221082,685130,false
DistanceFromG2,165,0.7797560224861082,1094263,false
DistanceFromG2,170,0.8509428494885267,642823,false
DistanceFromG2,175,0.8406639831642587,669815,false
DistanceFromG2,180,0.8759473065769757,764474,false
DistanceFromG2,185,0.7848801096779608,1204824,false
DistanceFromG2,190,0.8394131210301923,1089782,false
DistanceFromG2,195,0.850359595959596,926195,false
DistanceFromG2,200,0.8921375612616764,1146479,false
